ts,gatewayId,attr,value
"2017-05-30 22:47:00",19,ts4,82.551308
"2017-05-30 22:48:00",19,ts4,82.551308
"2017-05-30 22:49:00",19,ts4,82.429236
"2017-05-30 22:50:00",19,ts4,82.490272
"2017-05-30 22:51:00",19,ts4,82.581827
"2017-05-30 22:52:00",19,ts4,82.490272
"2017-05-30 22:53:00",19,ts4,82.337682
"2017-05-30 22:54:00",19,ts4,82.322423
"2017-05-30 22:55:00",19,ts4,82.307164
"2017-05-30 22:56:00",19,ts4,82.21561
"2017-05-30 22:57:00",19,ts4,82.429236
"2017-05-30 22:58:00",19,ts4,82.490272
"2017-05-30 22:59:00",19,ts4,82.551308
"2017-05-30 23:00:00",19,ts4,82.734417
"2017-05-30 23:01:00",19,ts4,82.795453
"2017-05-30 23:02:00",19,ts4,82.825971
"2017-05-30 23:03:00",19,ts4,82.917525
"2017-05-30 23:04:00",19,ts4,82.978561
"2017-05-30 23:05:00",19,ts4,82.917525
"2017-05-30 23:06:00",19,ts4,83.100633
"2017-05-30 23:07:00",19,ts4,83.009079
"2017-05-30 23:08:00",19,ts4,83.039597
"2017-05-30 23:09:00",19,ts4,83.039597
"2017-05-30 23:10:00",19,ts4,83.039597
"2017-05-30 23:11:00",19,ts4,83.100633
"2017-05-30 23:12:00",19,ts4,83.161669
"2017-05-30 23:13:00",19,ts4,83.039597
"2017-05-30 23:14:00",19,ts4,83.405814
"2017-05-30 23:15:00",19,ts4,83.92462
"2017-05-30 23:16:00",19,ts4,84.016175
"2017-05-30 23:17:00",19,ts4,83.894102
"2017-05-30 23:18:00",19,ts4,83.31426
"2017-05-30 23:19:00",19,ts4,83.283742
"2017-05-30 23:20:00",19,ts4,83.039597
"2017-05-30 23:21:00",19,ts4,82.978561
"2017-05-30 23:22:00",19,ts4,82.932784
"2017-05-30 23:23:00",19,ts4,83.039597
"2017-05-30 23:24:00",19,ts4,82.917525
"2017-05-30 23:25:00",19,ts4,82.795453
"2017-05-30 23:26:00",19,ts4,82.734417
"2017-05-30 23:27:00",19,ts4,82.856489
"2017-05-30 23:28:00",19,ts4,82.856489
"2017-05-30 23:29:00",19,ts4,83.497368
"2017-05-30 23:30:00",19,ts4,83.894102
"2017-05-30 23:31:00",19,ts4,83.985657
"2017-05-30 23:32:00",19,ts4,83.955138
"2017-05-30 23:33:00",19,ts4,83.741512
"2017-05-30 23:34:00",19,ts4,83.894102
"2017-05-30 23:35:00",19,ts4,83.802548
"2017-05-30 23:36:00",19,ts4,84.016175
"2017-05-30 23:37:00",19,ts4,84.016175
"2017-05-30 23:38:00",19,ts4,83.894102
"2017-05-30 23:39:00",19,ts4,83.833066
"2017-05-30 23:40:00",19,ts4,84.199283
"2017-05-30 23:41:00",19,ts4,84.382391
"2017-05-30 23:42:00",19,ts4,84.504463
"2017-05-30 23:43:00",19,ts4,84.443427
"2017-05-30 23:44:00",19,ts4,84.565499
"2017-05-30 23:45:00",19,ts4,84.702831
"2017-05-30 23:46:00",19,ts4,84.702831
"2017-05-30 23:47:00",19,ts4,84.87068
"2017-05-30 23:48:00",19,ts4,85.114824
"2017-05-30 23:49:00",19,ts4,84.931716
"2017-05-30 23:50:00",19,ts4,84.87068
"2017-05-30 23:51:00",19,ts4,84.992752
"2017-05-30 23:52:00",19,ts4,84.962234
"2017-05-30 23:53:00",19,ts4,84.962234
"2017-05-30 23:54:00",19,ts4,84.962234
"2017-05-30 23:55:00",19,ts4,85.053788
"2017-05-30 23:56:00",19,ts4,85.358968
"2017-05-30 23:57:00",19,ts4,85.481041
"2017-05-30 23:58:00",19,ts4,85.389487
"2017-05-30 23:59:00",19,ts4,85.267414
"2017-05-31 00:00:00",19,ts4,85.145342
"2017-05-31 00:01:00",19,ts4,85.603113
"2017-05-31 00:02:00",19,ts4,85.725185
"2017-05-31 00:03:00",19,ts4,85.603113
"2017-05-31 00:04:00",19,ts4,85.358968
"2017-05-31 00:05:00",19,ts4,85.358968
"2017-05-31 00:06:00",19,ts4,85.420005
"2017-05-31 00:07:00",19,ts4,85.511559
"2017-05-31 00:08:00",19,ts4,85.603113
"2017-05-31 00:09:00",19,ts4,85.481041
"2017-05-31 00:10:00",19,ts4,85.389487
"2017-05-31 00:11:00",19,ts4,85.358968
"2017-05-31 00:12:00",19,ts4,85.069047
"2017-05-31 00:13:00",19,ts4,84.641794
"2017-05-31 00:14:00",19,ts4,84.504463
"2017-05-31 00:15:00",19,ts4,84.138247
"2017-05-31 00:16:00",19,ts4,84.046693
"2017-05-31 00:17:00",19,ts4,84.199283
"2017-05-31 00:18:00",19,ts4,84.458686
"2017-05-31 00:19:00",19,ts4,84.504463
"2017-05-31 00:20:00",19,ts4,84.779126
"2017-05-31 00:21:00",19,ts4,84.626535
"2017-05-31 00:22:00",19,ts4,84.382391
"2017-05-31 00:23:00",19,ts4,84.458686
"2017-05-31 00:24:00",19,ts4,84.412909
"2017-05-31 00:25:00",19,ts4,84.443427
"2017-05-31 00:26:00",19,ts4,84.626535
"2017-05-31 00:27:00",19,ts4,84.71809
"2017-05-31 00:28:00",19,ts4,84.687572
"2017-05-31 00:29:00",19,ts4,84.702831
"2017-05-31 00:30:00",19,ts4,84.809644
"2017-05-31 00:31:00",19,ts4,84.87068
"2017-05-31 00:32:00",19,ts4,85.008011
"2017-05-31 00:33:00",19,ts4,85.008011
"2017-05-31 00:34:00",19,ts4,85.02327
"2017-05-31 00:35:00",19,ts4,84.992752
"2017-05-31 00:36:00",19,ts4,84.992752
"2017-05-31 00:37:00",19,ts4,85.053788
"2017-05-31 00:38:00",19,ts4,85.145342
"2017-05-31 00:39:00",19,ts4,84.946975
"2017-05-31 00:40:00",19,ts4,84.87068
"2017-05-31 00:41:00",19,ts4,84.87068
"2017-05-31 00:42:00",19,ts4,84.992752
"2017-05-31 00:43:00",19,ts4,85.053788
"2017-05-31 00:44:00",19,ts4,85.17586
"2017-05-31 00:45:00",19,ts4,85.114824
"2017-05-31 00:46:00",19,ts4,85.17586
"2017-05-31 00:47:00",19,ts4,85.17586
"2017-05-31 00:48:00",19,ts4,85.236896
"2017-05-31 00:49:00",19,ts4,85.420005
"2017-05-31 00:50:00",19,ts4,85.420005
"2017-05-31 00:51:00",19,ts4,85.481041
"2017-05-31 00:52:00",19,ts4,85.420005
"2017-05-31 00:53:00",19,ts4,85.358968
"2017-05-31 00:54:00",19,ts4,85.358968
"2017-05-31 00:55:00",19,ts4,85.420005
"2017-05-31 00:56:00",19,ts4,85.542077
"2017-05-31 00:57:00",19,ts4,85.664149
"2017-05-31 00:58:00",19,ts4,85.786221
"2017-05-31 00:59:00",19,ts4,85.847257
"2017-05-31 01:00:00",19,ts4,85.725185
"2017-05-31 01:01:00",19,ts4,85.786221
"2017-05-31 01:02:00",19,ts4,85.908293
"2017-05-31 01:03:00",19,ts4,85.847257
"2017-05-31 01:04:00",19,ts4,85.847257
"2017-05-31 01:05:00",19,ts4,85.786221
"2017-05-31 01:06:00",19,ts4,85.725185
"2017-05-31 01:07:00",19,ts4,85.725185
"2017-05-31 01:08:00",19,ts4,85.664149
"2017-05-31 01:09:00",19,ts4,85.664149
"2017-05-31 01:10:00",19,ts4,85.664149
"2017-05-31 01:11:00",19,ts4,85.664149
"2017-05-31 01:12:00",19,ts4,85.603113
"2017-05-31 01:13:00",19,ts4,85.603113
"2017-05-31 01:14:00",19,ts4,85.664149
"2017-05-31 01:15:00",19,ts4,85.633631
"2017-05-31 01:16:00",19,ts4,85.664149
"2017-05-31 01:17:00",19,ts4,85.664149
"2017-05-31 01:18:00",19,ts4,85.603113
"2017-05-31 01:19:00",19,ts4,85.389487
"2017-05-31 01:20:00",19,ts4,85.236896
"2017-05-31 01:21:00",19,ts4,85.02327
"2017-05-31 01:22:00",19,ts4,84.87068
"2017-05-31 01:23:00",19,ts4,84.695201
"2017-05-31 01:24:00",19,ts4,84.626535
"2017-05-31 01:25:00",19,ts4,84.565499
"2017-05-31 01:26:00",19,ts4,84.504463
"2017-05-31 01:27:00",19,ts4,84.504463
"2017-05-31 01:28:00",19,ts4,84.504463
"2017-05-31 01:29:00",19,ts4,84.199283
"2017-05-31 01:30:00",19,ts4,84.382391
"2017-05-31 01:31:00",19,ts4,84.565499
"2017-05-31 01:32:00",19,ts4,84.382391
"2017-05-31 01:33:00",19,ts4,84.382391
"2017-05-31 01:34:00",19,ts4,84.138247
"2017-05-31 01:35:00",19,ts4,84.138247
"2017-05-31 01:36:00",19,ts4,84.016175
"2017-05-31 01:37:00",19,ts4,83.833066
"2017-05-31 01:38:00",19,ts4,83.527886
"2017-05-31 01:39:00",19,ts4,83.283742
"2017-05-31 01:40:00",19,ts4,83.009079
"2017-05-31 01:41:00",19,ts4,83.100633
"2017-05-31 01:42:00",19,ts4,83.283742
"2017-05-31 01:43:00",19,ts4,83.253223
"2017-05-31 01:44:00",19,ts4,83.100633
"2017-05-31 01:45:00",19,ts4,82.917525
"2017-05-31 01:46:00",19,ts4,82.917525
"2017-05-31 01:47:00",19,ts4,82.917525
"2017-05-31 01:48:00",19,ts4,82.978561
"2017-05-31 01:49:00",19,ts4,83.161669
"2017-05-31 01:50:00",19,ts4,83.100633
"2017-05-31 01:51:00",19,ts4,83.039597
"2017-05-31 01:52:00",19,ts4,83.039597
"2017-05-31 01:53:00",19,ts4,83.009079
"2017-05-31 01:54:00",19,ts4,82.948043
"2017-05-31 01:55:00",19,ts4,82.948043
"2017-05-31 01:56:00",19,ts4,82.948043
"2017-05-31 01:57:00",19,ts4,82.68864
"2017-05-31 01:58:00",19,ts4,82.795453
"2017-05-31 01:59:00",19,ts4,82.490272
"2017-05-31 02:00:00",19,ts4,82.337682
"2017-05-31 02:01:00",19,ts4,82.490272
"2017-05-31 02:02:00",19,ts4,82.551308
"2017-05-31 02:03:00",19,ts4,82.581827
"2017-05-31 02:04:00",19,ts4,82.490272
"2017-05-31 02:05:00",19,ts4,82.734417
"2017-05-31 02:06:00",19,ts4,82.856489
"2017-05-31 02:07:00",19,ts4,82.917525
"2017-05-31 02:08:00",19,ts4,83.283742
"2017-05-31 02:09:00",19,ts4,83.482109
"2017-05-31 02:10:00",19,ts4,83.497368
"2017-05-31 02:11:00",19,ts4,83.46685
"2017-05-31 02:12:00",19,ts4,83.46685
"2017-05-31 02:13:00",19,ts4,83.344778
"2017-05-31 02:14:00",19,ts4,83.283742
"2017-05-31 02:15:00",19,ts4,83.237964
"2017-05-31 02:16:00",19,ts4,83.161669
"2017-05-31 02:17:00",19,ts4,83.039597
"2017-05-31 02:18:00",19,ts4,83.222705
"2017-05-31 02:19:00",19,ts4,83.405814
"2017-05-31 02:20:00",19,ts4,83.527886
"2017-05-31 02:21:00",19,ts4,83.474479
"2017-05-31 02:22:00",19,ts4,83.497368
"2017-05-31 02:23:00",19,ts4,83.405814
"2017-05-31 02:24:00",19,ts4,83.31426
"2017-05-31 02:25:00",19,ts4,83.222705
"2017-05-31 02:26:00",19,ts4,83.176928
"2017-05-31 02:27:00",19,ts4,83.344778
"2017-05-31 02:28:00",19,ts4,83.741512
"2017-05-31 02:29:00",19,ts4,83.833066
"2017-05-31 02:30:00",19,ts4,84.138247
"2017-05-31 02:31:00",19,ts4,84.504463
"2017-05-31 02:32:00",19,ts4,84.504463
"2017-05-31 02:33:00",19,ts4,84.443427
"2017-05-31 02:34:00",19,ts4,84.382391
"2017-05-31 02:35:00",19,ts4,85.17586
"2017-05-31 02:36:00",19,ts4,85.420005
"2017-05-31 02:37:00",19,ts4,85.358968
"2017-05-31 02:38:00",19,ts4,85.481041
"2017-05-31 02:39:00",19,ts4,85.877775
"2017-05-31 02:40:00",19,ts4,86.73228
"2017-05-31 02:41:00",19,ts4,87.434195
"2017-05-31 02:42:00",19,ts4,88.090333
"2017-05-31 02:43:00",19,ts4,88.715953
"2017-05-31 02:44:00",19,ts4,89.158465
"2017-05-31 02:45:00",19,ts4,89.341573
"2017-05-31 02:46:00",19,ts4,89.631495
"2017-05-31 02:47:00",19,ts4,89.753567
"2017-05-31 02:48:00",19,ts4,89.784085
"2017-05-31 02:49:00",19,ts4,89.845121
"2017-05-31 02:50:00",19,ts4,89.906157
"2017-05-31 02:51:00",19,ts4,90.119783
"2017-05-31 02:52:00",19,ts4,90.180819
"2017-05-31 02:53:00",19,ts4,90.257115
"2017-05-31 02:54:00",19,ts4,90.302892
"2017-05-31 02:55:00",19,ts4,90.363928
"2017-05-31 02:56:00",19,ts4,90.363928
"2017-05-31 02:57:00",19,ts4,90.486
"2017-05-31 02:58:00",19,ts4,90.608072
"2017-05-31 02:59:00",19,ts4,90.79118
"2017-05-31 03:00:00",19,ts4,90.867475
"2017-05-31 03:01:00",19,ts4,90.913252
"2017-05-31 03:02:00",19,ts4,90.974289
"2017-05-31 03:03:00",19,ts4,90.882734
"2017-05-31 03:04:00",19,ts4,90.913252
"2017-05-31 03:05:00",19,ts4,90.974289
"2017-05-31 03:06:00",19,ts4,91.035325
"2017-05-31 03:07:00",19,ts4,91.126879
"2017-05-31 03:08:00",19,ts4,91.126879
"2017-05-31 03:09:00",19,ts4,91.126879
"2017-05-31 03:10:00",19,ts4,91.096361
"2017-05-31 03:11:00",19,ts4,91.157397
"2017-05-31 03:12:00",19,ts4,91.279469
"2017-05-31 03:13:00",19,ts4,91.279469
"2017-05-31 03:14:00",19,ts4,91.4168
"2017-05-31 03:15:00",19,ts4,91.584649
"2017-05-31 03:16:00",19,ts4,91.523613
"2017-05-31 03:17:00",19,ts4,91.706722
"2017-05-31 03:18:00",19,ts4,91.828794
"2017-05-31 03:19:00",19,ts4,91.859312
"2017-05-31 03:20:00",19,ts4,91.88983
"2017-05-31 03:21:00",19,ts4,91.950866
"2017-05-31 03:22:00",19,ts4,92.072938
"2017-05-31 03:23:00",19,ts4,92.027161
"2017-05-31 03:24:00",19,ts4,92.011902
"2017-05-31 03:25:00",19,ts4,91.950866
"2017-05-31 03:26:00",19,ts4,91.950866
"2017-05-31 03:27:00",19,ts4,91.88983
"2017-05-31 03:28:00",19,ts4,91.844053
"2017-05-31 03:29:00",19,ts4,91.88983
"2017-05-31 03:30:00",19,ts4,91.706722
"2017-05-31 03:31:00",19,ts4,91.798276
"2017-05-31 03:32:00",19,ts4,91.828794
"2017-05-31 03:33:00",19,ts4,91.73724
"2017-05-31 03:34:00",19,ts4,91.88983
"2017-05-31 03:35:00",19,ts4,91.950866
"2017-05-31 03:36:00",19,ts4,91.950866
"2017-05-31 03:37:00",19,ts4,91.88983
"2017-05-31 03:38:00",19,ts4,91.950866
"2017-05-31 03:39:00",19,ts4,91.981384
"2017-05-31 03:40:00",19,ts4,91.950866
"2017-05-31 03:41:00",19,ts4,91.950866
"2017-05-31 03:42:00",19,ts4,91.966125
"2017-05-31 03:43:00",19,ts4,91.981384
"2017-05-31 03:44:00",19,ts4,91.981384
"2017-05-31 03:45:00",19,ts4,91.981384
"2017-05-31 03:46:00",19,ts4,92.04242
"2017-05-31 03:47:00",19,ts4,92.011902
"2017-05-31 03:48:00",19,ts4,91.981384
"2017-05-31 03:49:00",19,ts4,92.011902
"2017-05-31 03:50:00",19,ts4,92.19501
"2017-05-31 03:51:00",19,ts4,92.19501
"2017-05-31 03:52:00",19,ts4,92.133974
"2017-05-31 03:53:00",19,ts4,92.256046
"2017-05-31 03:54:00",19,ts4,92.332341
"2017-05-31 03:55:00",19,ts4,92.332341
"2017-05-31 03:56:00",19,ts4,92.408637
"2017-05-31 03:57:00",19,ts4,92.332341
"2017-05-31 03:58:00",19,ts4,92.317082
"2017-05-31 03:59:00",19,ts4,92.225528
"2017-05-31 04:00:00",19,ts4,92.256046
"2017-05-31 04:01:00",19,ts4,92.256046
"2017-05-31 04:02:00",19,ts4,92.225528
"2017-05-31 04:03:00",19,ts4,92.133974
"2017-05-31 04:04:00",19,ts4,92.072938
"2017-05-31 04:05:00",19,ts4,91.966125
"2017-05-31 04:06:00",19,ts4,92.072938
"2017-05-31 04:07:00",19,ts4,92.027161
"2017-05-31 04:08:00",19,ts4,91.981384
"2017-05-31 04:09:00",19,ts4,91.981384
"2017-05-31 04:10:00",19,ts4,91.981384
"2017-05-31 04:11:00",19,ts4,91.88983
"2017-05-31 04:12:00",19,ts4,91.950866
"2017-05-31 04:13:00",19,ts4,91.88983
"2017-05-31 04:14:00",19,ts4,91.859312
"2017-05-31 04:15:00",19,ts4,91.88983
"2017-05-31 04:16:00",19,ts4,91.88983
"2017-05-31 04:17:00",19,ts4,91.828794
"2017-05-31 04:18:00",19,ts4,91.859312
"2017-05-31 04:19:00",19,ts4,91.859312
"2017-05-31 04:20:00",19,ts4,91.950866
"2017-05-31 04:21:00",19,ts4,92.011902
"2017-05-31 04:22:00",19,ts4,92.19501
"2017-05-31 04:23:00",19,ts4,92.19501
"2017-05-31 04:24:00",19,ts4,92.225528
"2017-05-31 04:25:00",19,ts4,92.133974
"2017-05-31 04:26:00",19,ts4,92.19501
"2017-05-31 04:27:00",19,ts4,92.347601
"2017-05-31 04:28:00",19,ts4,92.347601
"2017-05-31 04:29:00",19,ts4,92.347601
"2017-05-31 04:30:00",19,ts4,92.286564
"2017-05-31 04:31:00",19,ts4,92.317082
"2017-05-31 04:32:00",19,ts4,92.378119
"2017-05-31 04:33:00",19,ts4,92.317082
"2017-05-31 04:34:00",19,ts4,92.317082
"2017-05-31 04:35:00",19,ts4,92.317082
"2017-05-31 04:36:00",19,ts4,92.256046
"2017-05-31 04:37:00",19,ts4,92.19501
"2017-05-31 04:38:00",19,ts4,92.256046
"2017-05-31 04:39:00",19,ts4,92.225528
"2017-05-31 04:40:00",19,ts4,92.256046
"2017-05-31 04:41:00",19,ts4,92.317082
"2017-05-31 04:42:00",19,ts4,92.271305
"2017-05-31 04:43:00",19,ts4,92.317082
"2017-05-31 04:44:00",19,ts4,92.378119
"2017-05-31 04:45:00",19,ts4,92.439155
"2017-05-31 04:46:00",19,ts4,92.439155
"2017-05-31 04:47:00",19,ts4,92.500191
"2017-05-31 04:48:00",19,ts4,92.469673
"2017-05-31 04:49:00",19,ts4,92.500191
"2017-05-31 04:50:00",19,ts4,92.439155
"2017-05-31 04:51:00",19,ts4,92.469673
"2017-05-31 04:52:00",19,ts4,92.561227
"2017-05-31 04:53:00",19,ts4,92.439155
"2017-05-31 04:54:00",19,ts4,92.439155
"2017-05-31 04:55:00",19,ts4,92.408637
"2017-05-31 04:56:00",19,ts4,92.347601
"2017-05-31 04:57:00",19,ts4,92.347601
"2017-05-31 04:58:00",19,ts4,92.317082
"2017-05-31 04:59:00",19,ts4,92.317082
"2017-05-31 05:00:00",19,ts4,92.317082
"2017-05-31 05:01:00",19,ts4,92.256046
"2017-05-31 05:02:00",19,ts4,92.317082
"2017-05-31 05:03:00",19,ts4,92.19501
"2017-05-31 05:04:00",19,ts4,92.286564
"2017-05-31 05:05:00",19,ts4,92.225528
"2017-05-31 05:07:00",19,ts4,92.317082
"2017-05-31 05:08:00",19,ts4,92.347601
"2017-05-31 05:09:00",19,ts4,92.286564
"2017-05-31 05:10:00",19,ts4,92.225528
"2017-05-31 05:11:00",19,ts4,92.225528
"2017-05-31 05:12:00",19,ts4,92.19501
"2017-05-31 05:13:00",19,ts4,92.103456
"2017-05-31 05:14:00",19,ts4,92.072938
"2017-05-31 05:15:00",19,ts4,92.133974
"2017-05-31 05:16:00",19,ts4,92.072938
"2017-05-31 05:17:00",19,ts4,92.133974
"2017-05-31 05:18:00",19,ts4,92.133974
"2017-05-31 05:19:00",19,ts4,92.072938
"2017-05-31 05:20:00",19,ts4,92.133974
"2017-05-31 05:21:00",19,ts4,92.19501
"2017-05-31 05:22:00",19,ts4,92.19501
"2017-05-31 05:23:00",19,ts4,92.19501
"2017-05-31 05:24:00",19,ts4,92.072938
"2017-05-31 05:25:00",19,ts4,92.011902
"2017-05-31 05:26:00",19,ts4,91.981384
"2017-05-31 05:27:00",19,ts4,92.011902
"2017-05-31 05:28:00",19,ts4,91.88983
"2017-05-31 05:29:00",19,ts4,91.828794
"2017-05-31 05:30:00",19,ts4,91.783017
"2017-05-31 05:31:00",19,ts4,91.645686
"2017-05-31 05:32:00",19,ts4,91.706722
"2017-05-31 05:33:00",19,ts4,91.706722
"2017-05-31 05:34:00",19,ts4,91.584649
"2017-05-31 05:35:00",19,ts4,91.584649
"2017-05-31 05:36:00",19,ts4,91.523613
"2017-05-31 05:37:00",19,ts4,91.584649
"2017-05-31 05:38:00",19,ts4,91.584649
"2017-05-31 05:39:00",19,ts4,91.615167
"2017-05-31 05:40:00",19,ts4,91.584649
"2017-05-31 05:41:00",19,ts4,91.584649
"2017-05-31 05:42:00",19,ts4,91.584649
"2017-05-31 05:43:00",19,ts4,91.584649
"2017-05-31 05:44:00",19,ts4,91.462577
"2017-05-31 05:45:00",19,ts4,91.371023
"2017-05-31 05:46:00",19,ts4,91.218433
"2017-05-31 05:47:00",19,ts4,91.218433
"2017-05-31 05:48:00",19,ts4,91.218433
"2017-05-31 05:49:00",19,ts4,91.218433
"2017-05-31 05:50:00",19,ts4,91.157397
"2017-05-31 05:51:00",19,ts4,91.218433
"2017-05-31 05:52:00",19,ts4,91.218433
"2017-05-31 05:53:00",19,ts4,91.218433
"2017-05-31 05:54:00",19,ts4,91.340505
"2017-05-31 05:55:00",19,ts4,91.4168
"2017-05-31 05:56:00",19,ts4,91.462577
"2017-05-31 05:57:00",19,ts4,91.432059
"2017-05-31 05:58:00",19,ts4,91.432059
"2017-05-31 05:59:00",19,ts4,91.493095
"2017-05-31 06:00:00",19,ts4,91.4168
"2017-05-31 06:01:00",19,ts4,91.462577
"2017-05-31 06:02:00",19,ts4,91.462577
"2017-05-31 06:03:00",19,ts4,91.538872
"2017-05-31 06:04:00",19,ts4,91.706722
"2017-05-31 06:05:00",19,ts4,91.767758
"2017-05-31 06:06:00",19,ts4,91.783017
"2017-05-31 06:07:00",19,ts4,91.828794
"2017-05-31 06:08:00",19,ts4,91.950866
"2017-05-31 06:09:00",19,ts4,91.920348
"2017-05-31 06:10:00",19,ts4,91.950866
"2017-05-31 06:11:00",19,ts4,92.027161
"2017-05-31 06:12:00",19,ts4,92.103456
"2017-05-31 06:13:00",19,ts4,92.347601
"2017-05-31 06:14:00",19,ts4,92.500191
"2017-05-31 06:15:00",19,ts4,92.561227
"2017-05-31 06:16:00",19,ts4,92.744335
"2017-05-31 06:17:00",19,ts4,92.805371
"2017-05-31 06:18:00",19,ts4,92.805371
"2017-05-31 06:19:00",19,ts4,92.805371
"2017-05-31 06:20:00",19,ts4,92.835889
"2017-05-31 06:21:00",19,ts4,92.805371
"2017-05-31 06:22:00",19,ts4,92.805371
"2017-05-31 06:23:00",19,ts4,92.805371
"2017-05-31 06:24:00",19,ts4,92.896925
"2017-05-31 06:25:00",19,ts4,92.881666
"2017-05-31 06:26:00",19,ts4,92.881666
"2017-05-31 06:27:00",19,ts4,92.927443
"2017-05-31 06:28:00",19,ts4,92.988479
"2017-05-31 06:29:00",19,ts4,92.988479
"2017-05-31 06:30:00",19,ts4,92.927443
"2017-05-31 06:31:00",19,ts4,92.988479
"2017-05-31 06:32:00",19,ts4,92.988479
"2017-05-31 06:33:00",19,ts4,92.988479
"2017-05-31 06:34:00",19,ts4,93.018997
"2017-05-31 06:35:00",19,ts4,92.988479
"2017-05-31 06:36:00",19,ts4,92.988479
"2017-05-31 06:37:00",19,ts4,92.988479
"2017-05-31 06:38:00",19,ts4,93.049516
"2017-05-31 06:39:00",19,ts4,93.018997
"2017-05-31 06:40:00",19,ts4,93.171588
"2017-05-31 06:41:00",19,ts4,93.202106
"2017-05-31 06:42:00",19,ts4,93.232624
"2017-05-31 06:43:00",19,ts4,93.29366
"2017-05-31 06:44:00",19,ts4,93.202106
"2017-05-31 06:45:00",19,ts4,93.29366
"2017-05-31 06:46:00",19,ts4,93.354696
"2017-05-31 06:47:00",19,ts4,93.44625
"2017-05-31 06:48:00",19,ts4,93.430991
"2017-05-31 06:49:00",19,ts4,93.537804
"2017-05-31 06:50:00",19,ts4,93.507286
"2017-05-31 06:51:00",19,ts4,93.59884
"2017-05-31 06:52:00",19,ts4,93.59884
"2017-05-31 06:53:00",19,ts4,93.59884
"2017-05-31 06:54:00",19,ts4,93.537804
"2017-05-31 06:55:00",19,ts4,93.59884
"2017-05-31 06:56:00",19,ts4,93.537804
"2017-05-31 06:57:00",19,ts4,93.59884
"2017-05-31 06:58:00",19,ts4,93.690394
"2017-05-31 06:59:00",19,ts4,93.690394
"2017-05-31 07:00:00",19,ts4,93.659876
"2017-05-31 07:01:00",19,ts4,93.736172
"2017-05-31 07:02:00",19,ts4,93.781949
"2017-05-31 07:03:00",19,ts4,93.812467
"2017-05-31 07:04:00",19,ts4,93.842985
"2017-05-31 07:05:00",19,ts4,93.842985
"2017-05-31 07:06:00",19,ts4,93.781949
"2017-05-31 07:07:00",19,ts4,93.858244
"2017-05-31 07:08:00",19,ts4,93.904021
"2017-05-31 07:09:00",19,ts4,93.736172
"2017-05-31 07:10:00",19,ts4,93.842985
"2017-05-31 07:11:00",19,ts4,93.904021
"2017-05-31 07:12:00",19,ts4,93.904021
"2017-05-31 07:13:00",19,ts4,93.842985
"2017-05-31 07:14:00",19,ts4,93.781949
"2017-05-31 07:15:00",19,ts4,93.537804
"2017-05-31 07:16:00",19,ts4,93.59884
"2017-05-31 07:17:00",19,ts4,93.659876
"2017-05-31 07:18:00",19,ts4,93.659876
"2017-05-31 07:19:00",19,ts4,93.690394
"2017-05-31 07:20:00",19,ts4,93.659876
"2017-05-31 07:21:00",19,ts4,93.537804
"2017-05-31 07:22:00",19,ts4,93.568322
"2017-05-31 07:23:00",19,ts4,93.430991
"2017-05-31 07:24:00",19,ts4,93.430991
"2017-05-31 07:25:00",19,ts4,93.430991
"2017-05-31 07:26:00",19,ts4,93.44625
"2017-05-31 07:27:00",19,ts4,93.415732
"2017-05-31 07:28:00",19,ts4,93.29366
"2017-05-31 07:29:00",19,ts4,93.324178
"2017-05-31 07:30:00",19,ts4,93.29366
"2017-05-31 07:31:00",19,ts4,93.171588
"2017-05-31 07:32:00",19,ts4,93.29366
"2017-05-31 07:33:00",19,ts4,93.171588
"2017-05-31 07:34:00",19,ts4,93.232624
"2017-05-31 07:35:00",19,ts4,93.171588
"2017-05-31 07:36:00",19,ts4,93.049516
"2017-05-31 07:37:00",19,ts4,92.988479
"2017-05-31 07:38:00",19,ts4,92.927443
"2017-05-31 07:39:00",19,ts4,92.835889
"2017-05-31 07:40:00",19,ts4,92.744335
"2017-05-31 07:41:00",19,ts4,92.698558
"2017-05-31 07:42:00",19,ts4,92.683299
"2017-05-31 07:43:00",19,ts4,92.713817
"2017-05-31 07:44:00",19,ts4,92.561227
"2017-05-31 07:45:00",19,ts4,92.378119
"2017-05-31 07:46:00",19,ts4,92.378119
"2017-05-31 07:47:00",19,ts4,92.500191
"2017-05-31 07:48:00",19,ts4,92.378119
"2017-05-31 07:49:00",19,ts4,92.347601
"2017-05-31 07:50:00",19,ts4,92.240787
"2017-05-31 07:51:00",19,ts4,92.072938
"2017-05-31 07:52:00",19,ts4,91.981384
"2017-05-31 07:53:00",19,ts4,91.88983
"2017-05-31 07:54:00",19,ts4,91.828794
"2017-05-31 07:55:00",19,ts4,91.706722
"2017-05-31 07:56:00",19,ts4,91.523613
"2017-05-31 07:57:00",19,ts4,91.767758
"2017-05-31 07:58:00",19,ts4,91.584649
"2017-05-31 07:59:00",19,ts4,91.401541
"2017-05-31 08:00:00",19,ts4,92.072938
"2017-05-31 08:01:00",19,ts4,91.340505
"2017-05-31 08:02:00",19,ts4,91.126879
"2017-05-31 08:03:00",19,ts4,91.096361
"2017-05-31 08:04:00",19,ts4,91.218433
"2017-05-31 08:05:00",19,ts4,90.913252
"2017-05-31 08:06:00",19,ts4,90.974289
"2017-05-31 08:07:00",19,ts4,90.745403
"2017-05-31 08:08:00",19,ts4,90.669108
"2017-05-31 08:09:00",19,ts4,90.684367
"2017-05-31 08:10:00",19,ts4,90.486
"2017-05-31 08:11:00",19,ts4,90.150301
"2017-05-31 08:12:00",19,ts4,89.997711
"2017-05-31 08:13:00",19,ts4,90.058747
"2017-05-31 08:14:00",19,ts4,90.119783
"2017-05-31 08:15:00",19,ts4,90.272374
"2017-05-31 08:16:00",19,ts4,90.241855
"2017-05-31 08:17:00",19,ts4,90.058747
"2017-05-31 08:18:00",19,ts4,90.028229
"2017-05-31 08:19:00",19,ts4,89.814603
"2017-05-31 08:20:00",19,ts4,90.058747
"2017-05-31 08:21:00",19,ts4,90.241855
"2017-05-31 08:22:00",19,ts4,90.119783
"2017-05-31 08:23:00",19,ts4,89.997711
"2017-05-31 08:24:00",19,ts4,89.875639
"2017-05-31 08:25:00",19,ts4,90.241855
"2017-05-31 08:26:00",19,ts4,89.875639
"2017-05-31 08:27:00",19,ts4,89.753567
"2017-05-31 08:28:00",19,ts4,89.662013
"2017-05-31 08:29:00",19,ts4,89.936675
"2017-05-31 08:30:00",19,ts4,89.631495
"2017-05-31 08:31:00",19,ts4,89.38735
"2017-05-31 08:32:00",19,ts4,89.570459
"2017-05-31 08:33:00",19,ts4,89.265278
"2017-05-31 08:34:00",19,ts4,89.38735
"2017-05-31 08:35:00",19,ts4,89.509422
"2017-05-31 08:36:00",19,ts4,89.753567
"2017-05-31 08:37:00",19,ts4,89.875639
"2017-05-31 08:38:00",19,ts4,89.753567
"2017-05-31 08:39:00",19,ts4,89.753567
"2017-05-31 08:40:00",19,ts4,89.997711
"2017-05-31 08:41:00",19,ts4,89.997711
"2017-05-31 08:42:00",19,ts4,89.997711
"2017-05-31 08:43:00",19,ts4,89.906157
"2017-05-31 08:44:00",19,ts4,89.875639
"2017-05-31 08:45:00",19,ts4,89.753567
"2017-05-31 08:46:00",19,ts4,89.631495
"2017-05-31 08:47:00",19,ts4,89.280537
"2017-05-31 08:48:00",19,ts4,89.631495
"2017-05-31 08:49:00",19,ts4,89.204242
"2017-05-31 08:50:00",19,ts4,89.570459
"2017-05-31 08:51:00",19,ts4,89.570459
"2017-05-31 08:52:00",19,ts4,89.143206
"2017-05-31 08:53:00",19,ts4,89.631495
"2017-05-31 08:54:00",19,ts4,89.646754
"2017-05-31 08:55:00",19,ts4,89.692531
"2017-05-31 08:56:00",19,ts4,89.53994
"2017-05-31 08:57:00",19,ts4,89.53994
"2017-05-31 08:58:00",19,ts4,89.38735
"2017-05-31 08:59:00",19,ts4,89.356832
"2017-05-31 09:00:00",19,ts4,89.631495
"2017-05-31 09:01:00",19,ts4,89.70779
"2017-05-31 09:02:00",19,ts4,89.265278
"2017-05-31 09:03:00",19,ts4,89.448386
"2017-05-31 09:04:00",19,ts4,89.997711
"2017-05-31 09:05:00",19,ts4,89.692531
"2017-05-31 09:06:00",19,ts4,90.028229
"2017-05-31 09:07:00",19,ts4,90.241855
"2017-05-31 09:08:00",19,ts4,90.241855
"2017-05-31 09:09:00",19,ts4,90.119783
"2017-05-31 09:10:00",19,ts4,89.906157
"2017-05-31 09:11:00",19,ts4,89.692531
"2017-05-31 09:12:00",19,ts4,89.143206
"2017-05-31 09:13:00",19,ts4,89.448386
"2017-05-31 09:14:00",19,ts4,89.265278
"2017-05-31 09:15:00",19,ts4,89.341573
"2017-05-31 09:16:00",19,ts4,89.143206
"2017-05-31 09:17:00",19,ts4,89.448386
"2017-05-31 09:18:00",19,ts4,88.899062
"2017-05-31 09:19:00",19,ts4,89.356832
"2017-05-31 09:20:00",19,ts4,89.402609
"2017-05-31 09:21:00",19,ts4,89.692531
"2017-05-31 09:22:00",19,ts4,90.119783
"2017-05-31 09:23:00",19,ts4,90.119783
"2017-05-31 09:24:00",19,ts4,89.890898
"2017-05-31 09:25:00",19,ts4,89.753567
"2017-05-31 09:26:00",19,ts4,89.326314
"2017-05-31 09:27:00",19,ts4,89.631495
"2017-05-31 09:28:00",19,ts4,89.143206
"2017-05-31 09:29:00",19,ts4,89.143206
"2017-05-31 09:30:00",19,ts4,89.631495
"2017-05-31 09:31:00",19,ts4,89.631495
"2017-05-31 09:32:00",19,ts4,89.631495
"2017-05-31 09:33:00",19,ts4,89.570459
"2017-05-31 09:34:00",19,ts4,89.509422
"2017-05-31 09:35:00",19,ts4,89.295796
"2017-05-31 09:36:00",19,ts4,88.715953
"2017-05-31 09:37:00",19,ts4,88.410773
"2017-05-31 09:38:00",19,ts4,88.288701
"2017-05-31 09:39:00",19,ts4,88.868544
"2017-05-31 09:40:00",19,ts4,88.899062
"2017-05-31 09:41:00",19,ts4,88.654917
"2017-05-31 09:42:00",19,ts4,88.776989
"2017-05-31 09:43:00",19,ts4,87.998779
"2017-05-31 09:44:00",19,ts4,87.434195
"2017-05-31 09:45:00",19,ts4,88.349737
"2017-05-31 09:46:00",19,ts4,88.715953
"2017-05-31 09:47:00",19,ts4,88.838025
"2017-05-31 09:48:00",19,ts4,89.021134
"2017-05-31 09:49:00",19,ts4,88.654917
"2017-05-31 09:50:00",19,ts4,89.08217
"2017-05-31 09:51:00",19,ts4,89.158465
"2017-05-31 09:52:00",19,ts4,89.112688
"2017-05-31 09:53:00",19,ts4,88.471809
"2017-05-31 09:54:00",19,ts4,88.899062
"2017-05-31 09:55:00",19,ts4,88.776989
"2017-05-31 09:56:00",19,ts4,88.441291
"2017-05-31 09:57:00",19,ts4,88.960098
"2017-05-31 09:58:00",19,ts4,88.838025
"2017-05-31 09:59:00",19,ts4,88.899062
"2017-05-31 10:00:00",19,ts4,88.166629
"2017-05-31 10:01:00",19,ts4,88.044556
"2017-05-31 10:02:00",19,ts4,87.647822
"2017-05-31 10:03:00",19,ts4,87.434195
"2017-05-31 10:04:00",19,ts4,86.640726
"2017-05-31 10:05:00",19,ts4,86.884871
"2017-05-31 10:06:00",19,ts4,87.006943
"2017-05-31 10:07:00",19,ts4,88.13611
"2017-05-31 10:08:00",19,ts4,87.373159
"2017-05-31 10:09:00",19,ts4,86.823835
"2017-05-31 10:10:00",19,ts4,87.037461
"2017-05-31 10:11:00",19,ts4,87.556268
"2017-05-31 10:12:00",19,ts4,87.98352
"2017-05-31 10:13:00",19,ts4,87.403677
"2017-05-31 10:14:00",19,ts4,88.227665
"2017-05-31 10:15:00",19,ts4,88.288701
"2017-05-31 10:16:00",19,ts4,87.891966
"2017-05-31 10:17:00",19,ts4,87.800412
"2017-05-31 10:18:00",19,ts4,87.67834
"2017-05-31 10:19:00",19,ts4,87.67834
"2017-05-31 10:20:00",19,ts4,87.403677
"2017-05-31 10:21:00",19,ts4,86.488136
"2017-05-31 10:22:00",19,ts4,86.762799
"2017-05-31 10:23:00",19,ts4,86.213474
"2017-05-31 10:24:00",19,ts4,85.511559
"2017-05-31 10:25:00",19,ts4,85.481041
"2017-05-31 10:26:00",19,ts4,85.542077
"2017-05-31 10:27:00",19,ts4,85.877775
"2017-05-31 10:28:00",19,ts4,86.152438
"2017-05-31 10:29:00",19,ts4,84.687572
"2017-05-31 10:30:00",19,ts4,85.02327
"2017-05-31 10:31:00",19,ts4,84.046693
"2017-05-31 10:32:00",19,ts4,84.809644
"2017-05-31 10:33:00",19,ts4,84.077211
"2017-05-31 10:34:00",19,ts4,83.558404
"2017-05-31 10:35:00",19,ts4,83.77203
"2017-05-31 10:36:00",19,ts4,82.978561
"2017-05-31 10:37:00",19,ts4,83.436332
"2017-05-31 10:38:00",19,ts4,83.344778
"2017-05-31 10:39:00",19,ts4,82.825971
"2017-05-31 10:40:00",19,ts4,82.566567
"2017-05-31 10:41:00",19,ts4,81.452659
"2017-05-31 10:42:00",19,ts4,81.025406
"2017-05-31 10:43:00",19,ts4,81.605249
"2017-05-31 10:44:00",19,ts4,82.551308
"2017-05-31 10:45:00",19,ts4,81.635767
"2017-05-31 10:46:00",19,ts4,82.673381
"2017-05-31 10:47:00",19,ts4,83.100633
"2017-05-31 10:48:00",19,ts4,82.703899
"2017-05-31 10:49:00",19,ts4,83.100633
"2017-05-31 10:50:00",19,ts4,84.321355
"2017-05-31 10:51:00",19,ts4,84.046693
"2017-05-31 10:52:00",19,ts4,84.748608
"2017-05-31 10:53:00",19,ts4,84.046693
"2017-05-31 10:54:00",19,ts4,84.39765
"2017-05-31 10:55:00",19,ts4,85.206378
"2017-05-31 10:56:00",19,ts4,84.534981
"2017-05-31 10:57:00",19,ts4,84.321355
"2017-05-31 10:58:00",19,ts4,83.802548
"2017-05-31 10:59:00",19,ts4,83.283742
"2017-05-31 11:00:00",19,ts4,82.337682
"2017-05-31 11:01:00",19,ts4,81.727321
"2017-05-31 11:02:00",19,ts4,83.100633
"2017-05-31 11:03:00",19,ts4,83.77203
"2017-05-31 11:04:00",19,ts4,82.856489
"2017-05-31 11:05:00",19,ts4,83.070115
"2017-05-31 11:06:00",19,ts4,82.734417
"2017-05-31 11:07:00",19,ts4,82.001984
"2017-05-31 11:08:00",19,ts4,82.185092
"2017-05-31 11:09:00",19,ts4,80.537118
"2017-05-31 11:10:00",19,ts4,80.384527
"2017-05-31 11:11:00",19,ts4,81.635767
"2017-05-31 11:12:00",19,ts4,80.231937
"2017-05-31 11:13:00",19,ts4,80.872816
"2017-05-31 11:14:00",19,ts4,80.231937
"2017-05-31 11:15:00",19,ts4,80.231937
"2017-05-31 11:16:00",19,ts4,80.735485
"2017-05-31 11:17:00",19,ts4,81.025406
"2017-05-31 11:18:00",19,ts4,81.086442
"2017-05-31 11:19:00",19,ts4,79.987793
"2017-05-31 11:20:00",19,ts4,80.109865
"2017-05-31 11:21:00",19,ts4,79.682612
"2017-05-31 11:22:00",19,ts4,80.292973
"2017-05-31 11:23:00",19,ts4,79.865721
"2017-05-31 11:24:00",19,ts4,79.163806
"2017-05-31 11:25:00",19,ts4,81.727321
"2017-05-31 11:26:00",19,ts4,79.621576
"2017-05-31 11:27:00",19,ts4,78.721294
"2017-05-31 11:28:00",19,ts4,78.370336
"2017-05-31 11:29:00",19,ts4,79.011215
"2017-05-31 11:30:00",19,ts4,78.644999
"2017-05-31 11:31:00",19,ts4,78.889143
"2017-05-31 11:32:00",19,ts4,77.85153
"2017-05-31 11:33:00",19,ts4,78.370336
"2017-05-31 11:34:00",19,ts4,79.621576
"2017-05-31 11:35:00",19,ts4,77.637903
"2017-05-31 11:36:00",19,ts4,81.11696
"2017-05-31 11:37:00",19,ts4,80.537118
"2017-05-31 11:38:00",19,ts4,78.278782
"2017-05-31 11:39:00",19,ts4,79.682612
"2017-05-31 11:40:00",19,ts4,80.048829
"2017-05-31 11:41:00",19,ts4,79.163806
"2017-05-31 11:42:00",19,ts4,80.781262
"2017-05-31 11:43:00",19,ts4,80.842298
"2017-05-31 11:44:00",19,ts4,80.537118
"2017-05-31 11:45:00",19,ts4,81.025406
"2017-05-31 11:46:00",19,ts4,80.048829
"2017-05-31 11:47:00",19,ts4,81.574731
"2017-05-31 11:48:00",19,ts4,80.308232
"2017-05-31 11:49:00",19,ts4,79.804685
"2017-05-31 11:50:00",19,ts4,81.696803
"2017-05-31 11:51:00",19,ts4,81.391623
"2017-05-31 11:52:00",19,ts4,79.743648
"2017-05-31 11:53:00",19,ts4,78.706035
"2017-05-31 11:54:00",19,ts4,80.018311
"2017-05-31 11:55:00",19,ts4,80.231937
"2017-05-31 11:56:00",19,ts4,77.790494
"2017-05-31 11:57:00",19,ts4,80.720226
"2017-05-31 11:58:00",19,ts4,80.476081
"2017-05-31 11:59:00",19,ts4,80.903334
"2017-05-31 12:00:00",19,ts4,81.483177
"2017-05-31 12:01:00",19,ts4,82.795453
"2017-05-31 12:02:00",19,ts4,82.795453
"2017-05-31 12:03:00",19,ts4,79.987793
"2017-05-31 12:04:00",19,ts4,79.575799
"2017-05-31 12:05:00",19,ts4,78.400855
"2017-05-31 12:06:00",19,ts4,78.919661
"2017-05-31 12:07:00",19,ts4,79.041733
"2017-05-31 12:08:00",19,ts4,79.682612
"2017-05-31 12:09:00",19,ts4,79.10277
"2017-05-31 12:10:00",19,ts4,80.476081
"2017-05-31 12:11:00",19,ts4,80.903334
"2017-05-31 12:12:00",19,ts4,80.689708
"2017-05-31 12:13:00",19,ts4,81.757839
"2017-05-31 12:14:00",19,ts4,82.795453
"2017-05-31 12:15:00",19,ts4,82.06302
"2017-05-31 12:16:00",19,ts4,80.628672
"2017-05-31 12:17:00",19,ts4,80.369268
"2017-05-31 12:18:00",19,ts4,79.926757
"2017-05-31 12:19:00",19,ts4,79.926757
"2017-05-31 12:20:00",19,ts4,82.246128
"2017-05-31 12:21:00",19,ts4,81.849393
"2017-05-31 12:22:00",19,ts4,81.025406
"2017-05-31 12:23:00",19,ts4,80.140383
"2017-05-31 12:24:00",19,ts4,80.781262
"2017-05-31 12:25:00",19,ts4,80.537118
"2017-05-31 12:26:00",19,ts4,79.682612
"2017-05-31 12:27:00",19,ts4,80.537118
"2017-05-31 12:28:00",19,ts4,79.377432
"2017-05-31 12:29:00",19,ts4,78.065156
"2017-05-31 12:30:00",19,ts4,79.072251
"2017-05-31 12:31:00",19,ts4,79.987793
"2017-05-31 12:32:00",19,ts4,78.828107
"2017-05-31 12:33:00",19,ts4,78.522927
"2017-05-31 12:34:00",19,ts4,79.148547
"2017-05-31 12:35:00",19,ts4,79.377432
"2017-05-31 12:36:00",19,ts4,77.241169
"2017-05-31 12:37:00",19,ts4,78.034638
"2017-05-31 12:38:00",19,ts4,79.133288
"2017-05-31 12:39:00",19,ts4,78.431373
"2017-05-31 12:40:00",19,ts4,76.417182
"2017-05-31 12:41:00",19,ts4,77.790494
"2017-05-31 12:42:00",19,ts4,77.576867
"2017-05-31 12:43:00",19,ts4,77.729458
"2017-05-31 12:44:00",19,ts4,76.508736
"2017-05-31 12:45:00",19,ts4,79.011215
"2017-05-31 12:46:00",19,ts4,77.668421
"2017-05-31 12:47:00",19,ts4,78.049897
"2017-05-31 12:48:00",19,ts4,77.302205
"2017-05-31 12:49:00",19,ts4,76.478218
"2017-05-31 12:50:00",19,ts4,77.790494
"2017-05-31 12:51:00",19,ts4,76.264591
"2017-05-31 12:52:00",19,ts4,76.997024
"2017-05-31 12:53:00",19,ts4,77.180133
"2017-05-31 12:54:00",19,ts4,77.68368
"2017-05-31 12:55:00",19,ts4,76.508736
"2017-05-31 12:56:00",19,ts4,77.576867
"2017-05-31 12:57:00",19,ts4,76.874952
"2017-05-31 12:58:00",19,ts4,77.058061
"2017-05-31 12:59:00",19,ts4,75.928893
"2017-05-31 13:00:00",19,ts4,76.325628
"2017-05-31 13:01:00",19,ts4,75.50164
"2017-05-31 13:02:00",19,ts4,76.112001
"2017-05-31 13:03:00",19,ts4,75.257496
"2017-05-31 13:04:00",19,ts4,75.959411
"2017-05-31 13:05:00",19,ts4,75.104906
"2017-05-31 13:06:00",19,ts4,76.020447
"2017-05-31 13:07:00",19,ts4,76.874952
"2017-05-31 13:08:00",19,ts4,75.654231
"2017-05-31 13:09:00",19,ts4,76.264591
"2017-05-31 13:10:00",19,ts4,75.654231
"2017-05-31 13:11:00",19,ts4,74.128328
"2017-05-31 13:12:00",19,ts4,74.311437
"2017-05-31 13:13:00",19,ts4,74.402991
"2017-05-31 13:14:00",19,ts4,74.448768
"2017-05-31 13:15:00",19,ts4,74.830243
"2017-05-31 13:16:00",19,ts4,74.311437
"2017-05-31 13:17:00",19,ts4,73.456931
"2017-05-31 13:18:00",19,ts4,74.067292
"2017-05-31 13:19:00",19,ts4,73.579004
"2017-05-31 13:20:00",19,ts4,73.64004
"2017-05-31 13:21:00",19,ts4,74.738689
"2017-05-31 13:22:00",19,ts4,75.989929
"2017-05-31 13:23:00",19,ts4,76.325628
"2017-05-31 13:24:00",19,ts4,76.386664
"2017-05-31 13:25:00",19,ts4,77.363241
"2017-05-31 13:26:00",19,ts4,77.256428
"2017-05-31 13:27:00",19,ts4,78.034638
"2017-05-31 13:28:00",19,ts4,78.034638
"2017-05-31 13:29:00",19,ts4,78.400855
"2017-05-31 13:30:00",19,ts4,76.874952
"2017-05-31 13:31:00",19,ts4,79.133288
"2017-05-31 13:32:00",19,ts4,78.553445
"2017-05-31 13:33:00",19,ts4,79.224842
"2017-05-31 13:34:00",19,ts4,80.048829
"2017-05-31 13:35:00",19,ts4,79.133288
"2017-05-31 13:36:00",19,ts4,78.889143
"2017-05-31 13:37:00",19,ts4,78.767071
"2017-05-31 13:38:00",19,ts4,77.943084
"2017-05-31 13:39:00",19,ts4,78.706035
"2017-05-31 13:40:00",19,ts4,79.316396
"2017-05-31 13:41:00",19,ts4,78.583963
"2017-05-31 13:42:00",19,ts4,78.400855
"2017-05-31 13:43:00",19,ts4,78.889143
"2017-05-31 13:44:00",19,ts4,78.034638
"2017-05-31 13:45:00",19,ts4,77.912566
"2017-05-31 13:46:00",19,ts4,78.797589
"2017-05-31 13:47:00",19,ts4,78.858625
"2017-05-31 13:48:00",19,ts4,78.15671
"2017-05-31 13:49:00",19,ts4,79.621576
"2017-05-31 13:50:00",19,ts4,79.011215
"2017-05-31 13:51:00",19,ts4,77.973602
"2017-05-31 13:52:00",19,ts4,78.034638
"2017-05-31 13:53:00",19,ts4,79.377432
"2017-05-31 13:54:00",19,ts4,79.591058
"2017-05-31 13:55:00",19,ts4,80.354009
"2017-05-31 13:56:00",19,ts4,80.109865
"2017-05-31 13:57:00",19,ts4,79.926757
"2017-05-31 13:58:00",19,ts4,80.231937
"2017-05-31 13:59:00",19,ts4,80.048829
"2017-05-31 14:00:00",19,ts4,80.796521
"2017-05-31 14:01:00",19,ts4,78.889143
"2017-05-31 14:02:00",19,ts4,79.072251
"2017-05-31 14:03:00",19,ts4,78.431373
"2017-05-31 14:04:00",19,ts4,78.15671
"2017-05-31 14:05:00",19,ts4,78.294041
"2017-05-31 14:06:00",19,ts4,79.331655
"2017-05-31 14:07:00",19,ts4,80.415045
"2017-05-31 14:08:00",19,ts4,80.109865
"2017-05-31 14:09:00",19,ts4,80.048829
"2017-05-31 14:10:00",19,ts4,80.354009
"2017-05-31 14:11:00",19,ts4,79.270619
"2017-05-31 14:12:00",19,ts4,78.660258
"2017-05-31 14:13:00",19,ts4,80.476081
"2017-05-31 14:14:00",19,ts4,79.133288
"2017-05-31 14:15:00",19,ts4,80.064088
"2017-05-31 14:16:00",19,ts4,79.987793
"2017-05-31 14:17:00",19,ts4,80.781262
"2017-05-31 14:18:00",19,ts4,79.804685
"2017-05-31 14:19:00",19,ts4,79.804685
"2017-05-31 14:20:00",19,ts4,80.750744
"2017-05-31 14:21:00",19,ts4,81.696803
"2017-05-31 14:22:00",19,ts4,79.865721
"2017-05-31 14:23:00",19,ts4,79.987793
"2017-05-31 14:24:00",19,ts4,79.896239
"2017-05-31 14:25:00",19,ts4,79.072251
"2017-05-31 14:26:00",19,ts4,78.889143
"2017-05-31 14:27:00",19,ts4,80.231937
"2017-05-31 14:28:00",19,ts4,80.231937
"2017-05-31 14:29:00",19,ts4,78.980697
"2017-05-31 14:30:00",19,ts4,79.377432
"2017-05-31 14:31:00",19,ts4,79.377432
"2017-05-31 14:32:00",19,ts4,78.614481
"2017-05-31 14:33:00",19,ts4,78.675517
"2017-05-31 14:34:00",19,ts4,77.912566
"2017-05-31 14:35:00",19,ts4,76.523995
"2017-05-31 14:36:00",19,ts4,76.203555
"2017-05-31 14:37:00",19,ts4,75.104906
"2017-05-31 14:38:00",19,ts4,74.860761
"2017-05-31 14:39:00",19,ts4,74.799725
"2017-05-31 14:40:00",19,ts4,74.860761
"2017-05-31 14:41:00",19,ts4,74.311437
"2017-05-31 14:42:00",19,ts4,75.04387
"2017-05-31 14:43:00",19,ts4,75.288014
"2017-05-31 14:44:00",19,ts4,75.913634
"2017-05-31 14:45:00",19,ts4,75.715267
"2017-05-31 14:46:00",19,ts4,75.50164
"2017-05-31 14:47:00",19,ts4,75.34905
"2017-05-31 14:48:00",19,ts4,74.952316
"2017-05-31 14:49:00",19,ts4,76.356146
"2017-05-31 14:50:00",19,ts4,75.165942
"2017-05-31 14:51:00",19,ts4,77.332723
"2017-05-31 14:52:00",19,ts4,77.058061
"2017-05-31 14:53:00",19,ts4,77.576867
"2017-05-31 14:54:00",19,ts4,76.508736
"2017-05-31 14:55:00",19,ts4,75.898375
"2017-05-31 14:56:00",19,ts4,77.363241
"2017-05-31 14:57:00",19,ts4,76.813916
"2017-05-31 14:58:00",19,ts4,77.668421
"2017-05-31 14:59:00",19,ts4,75.959411
"2017-05-31 15:00:00",19,ts4,76.813916
"2017-05-31 15:01:00",19,ts4,75.04387
"2017-05-31 15:02:00",19,ts4,74.921798
"2017-05-31 15:03:00",19,ts4,76.112001
"2017-05-31 15:04:00",19,ts4,76.234073
"2017-05-31 15:05:00",19,ts4,75.623713
"2017-05-31 15:06:00",19,ts4,75.425345
"2017-05-31 15:07:00",19,ts4,75.104906
"2017-05-31 15:08:00",19,ts4,76.203555
"2017-05-31 15:09:00",19,ts4,77.119097
"2017-05-31 15:10:00",19,ts4,76.691844
"2017-05-31 15:11:00",19,ts4,76.081483
"2017-05-31 15:12:00",19,ts4,75.532158
"2017-05-31 15:13:00",19,ts4,74.433509
"2017-05-31 15:14:00",19,ts4,75.440604
"2017-05-31 15:15:00",19,ts4,75.837339
"2017-05-31 15:16:00",19,ts4,76.691844
"2017-05-31 15:17:00",19,ts4,78.15671
"2017-05-31 15:18:00",19,ts4,77.912566
"2017-05-31 15:19:00",19,ts4,76.60029
"2017-05-31 15:20:00",19,ts4,76.630808
"2017-05-31 15:21:00",19,ts4,75.623713
"2017-05-31 15:22:00",19,ts4,77.393759
"2017-05-31 15:23:00",19,ts4,77.149615
"2017-05-31 15:24:00",19,ts4,78.15671
"2017-05-31 15:25:00",19,ts4,77.119097
"2017-05-31 15:26:00",19,ts4,77.424277
"2017-05-31 15:27:00",19,ts4,77.607385
"2017-05-31 15:28:00",19,ts4,77.698939
"2017-05-31 15:29:00",19,ts4,79.285878
"2017-05-31 15:30:00",19,ts4,77.302205
"2017-05-31 15:31:00",19,ts4,77.302205
"2017-05-31 15:32:00",19,ts4,78.339818
"2017-05-31 15:33:00",19,ts4,78.217746
"2017-05-31 15:34:00",19,ts4,78.15671
"2017-05-31 15:35:00",19,ts4,76.966506
"2017-05-31 15:36:00",19,ts4,77.668421
"2017-05-31 15:37:00",19,ts4,78.675517
"2017-05-31 15:38:00",19,ts4,77.790494
"2017-05-31 15:39:00",19,ts4,77.85153
"2017-05-31 15:40:00",19,ts4,77.973602
"2017-05-31 15:41:00",19,ts4,79.011215
"2017-05-31 15:42:00",19,ts4,80.125124
"2017-05-31 15:43:00",19,ts4,79.591058
"2017-05-31 15:44:00",19,ts4,79.499504
"2017-05-31 15:45:00",19,ts4,79.743648
"2017-05-31 15:46:00",19,ts4,78.278782
"2017-05-31 15:47:00",19,ts4,79.072251
"2017-05-31 15:48:00",19,ts4,78.034638
"2017-05-31 15:49:00",19,ts4,77.271687
"2017-05-31 15:50:00",19,ts4,78.042267
"2017-05-31 15:51:00",19,ts4,77.668421
"2017-05-31 15:52:00",19,ts4,75.867857
"2017-05-31 15:53:00",19,ts4,77.241169
"2017-05-31 15:54:00",19,ts4,77.302205
"2017-05-31 15:55:00",19,ts4,77.546349
"2017-05-31 15:56:00",19,ts4,78.736553
"2017-05-31 15:57:00",19,ts4,79.499504
"2017-05-31 15:58:00",19,ts4,78.233005
"2017-05-31 15:59:00",19,ts4,79.072251
"2017-05-31 16:00:00",19,ts4,78.858625
"2017-05-31 16:01:00",19,ts4,79.072251
"2017-05-31 16:02:00",19,ts4,78.828107
"2017-05-31 16:03:00",19,ts4,79.377432
"2017-05-31 16:04:00",19,ts4,78.294041
"2017-05-31 16:05:00",19,ts4,78.278782
"2017-05-31 16:06:00",19,ts4,78.278782
"2017-05-31 16:07:00",19,ts4,77.790494
"2017-05-31 16:08:00",19,ts4,78.187228
"2017-05-31 16:09:00",19,ts4,77.882048
"2017-05-31 16:10:00",19,ts4,77.973602
"2017-05-31 16:11:00",19,ts4,79.285878
"2017-05-31 16:12:00",19,ts4,78.660258
"2017-05-31 16:13:00",19,ts4,78.522927
"2017-05-31 16:14:00",19,ts4,78.278782
"2017-05-31 16:15:00",19,ts4,78.675517
"2017-05-31 16:16:00",19,ts4,77.668421
"2017-05-31 16:17:00",19,ts4,77.134356
"2017-05-31 16:18:00",19,ts4,78.217746
"2017-05-31 16:19:00",19,ts4,78.706035
"2017-05-31 16:20:00",19,ts4,78.78233
"2017-05-31 16:21:00",19,ts4,79.377432
"2017-05-31 16:22:00",19,ts4,79.682612
"2017-05-31 16:23:00",19,ts4,79.40795
"2017-05-31 16:24:00",19,ts4,79.987793
"2017-05-31 16:25:00",19,ts4,80.384527
"2017-05-31 16:26:00",19,ts4,80.796521
"2017-05-31 16:27:00",19,ts4,81.208515
"2017-05-31 16:28:00",19,ts4,81.574731
"2017-05-31 16:29:00",19,ts4,82.246128
"2017-05-31 16:30:00",19,ts4,81.834134
"2017-05-31 16:31:00",19,ts4,82.185092
"2017-05-31 16:32:00",19,ts4,82.124056
"2017-05-31 16:33:00",19,ts4,82.429236
"2017-05-31 16:34:00",19,ts4,82.307164
"2017-05-31 16:35:00",19,ts4,82.764935
"2017-05-31 16:36:00",19,ts4,82.764935
"2017-05-31 16:37:00",19,ts4,82.505531
"2017-05-31 16:38:00",19,ts4,83.009079
"2017-05-31 16:39:00",19,ts4,82.06302
"2017-05-31 16:40:00",19,ts4,82.124056
"2017-05-31 16:41:00",19,ts4,82.551308
"2017-05-31 16:42:00",19,ts4,82.581827
"2017-05-31 16:43:00",19,ts4,82.703899
"2017-05-31 16:44:00",19,ts4,82.459754
"2017-05-31 16:45:00",19,ts4,82.246128
"2017-05-31 16:46:00",19,ts4,82.093538
"2017-05-31 16:47:00",19,ts4,82.429236
"2017-05-31 16:48:00",19,ts4,82.673381
"2017-05-31 16:49:00",19,ts4,83.039597
"2017-05-31 16:50:00",19,ts4,82.673381
"2017-05-31 16:51:00",19,ts4,82.825971
"2017-05-31 16:52:00",19,ts4,82.490272
"2017-05-31 16:53:00",19,ts4,83.100633
"2017-05-31 16:54:00",19,ts4,83.283742
"2017-05-31 16:55:00",19,ts4,83.161669
"2017-05-31 16:56:00",19,ts4,83.77203
"2017-05-31 16:57:00",19,ts4,83.161669
"2017-05-31 16:58:00",19,ts4,82.978561
"2017-05-31 16:59:00",19,ts4,82.124056
"2017-05-31 17:00:00",19,ts4,82.3682
"2017-05-31 17:01:00",19,ts4,81.651026
"2017-05-31 17:02:00",19,ts4,81.147478
"2017-05-31 17:03:00",19,ts4,81.513695
"2017-05-31 17:04:00",19,ts4,81.727321
"2017-05-31 17:05:00",19,ts4,81.635767
"2017-05-31 17:06:00",19,ts4,82.307164
"2017-05-31 17:07:00",19,ts4,81.849393
"2017-05-31 17:08:00",19,ts4,82.246128
"2017-05-31 17:09:00",19,ts4,82.734417
"2017-05-31 17:10:00",19,ts4,83.161669
"2017-05-31 17:11:00",19,ts4,83.77203
"2017-05-31 17:12:00",19,ts4,83.710994
"2017-05-31 17:13:00",19,ts4,83.649958
"2017-05-31 17:14:00",19,ts4,83.710994
"2017-05-31 17:15:00",19,ts4,84.046693
"2017-05-31 17:16:00",19,ts4,84.077211
"2017-05-31 17:17:00",19,ts4,84.382391
"2017-05-31 17:18:00",19,ts4,84.565499
"2017-05-31 17:19:00",19,ts4,84.87068
"2017-05-31 17:20:00",19,ts4,84.71809
"2017-05-31 17:21:00",19,ts4,84.641794
"2017-05-31 17:22:00",19,ts4,83.46685
"2017-05-31 17:23:00",19,ts4,83.77203
"2017-05-31 17:24:00",19,ts4,84.016175
"2017-05-31 17:25:00",19,ts4,83.894102
"2017-05-31 17:26:00",19,ts4,83.741512
"2017-05-31 17:27:00",19,ts4,84.382391
"2017-05-31 17:28:00",19,ts4,83.92462
"2017-05-31 17:29:00",19,ts4,84.382391
"2017-05-31 17:30:00",19,ts4,84.565499
"2017-05-31 17:31:00",19,ts4,84.443427
"2017-05-31 17:32:00",19,ts4,84.504463
"2017-05-31 17:33:00",19,ts4,83.833066
"2017-05-31 17:34:00",19,ts4,83.955138
"2017-05-31 17:35:00",19,ts4,83.741512
"2017-05-31 17:36:00",19,ts4,84.260319
"2017-05-31 17:37:00",19,ts4,84.260319
"2017-05-31 17:38:00",19,ts4,84.580758
"2017-05-31 17:39:00",19,ts4,84.885939
"2017-05-31 17:40:00",19,ts4,84.992752
"2017-05-31 17:41:00",19,ts4,85.297932
"2017-05-31 17:42:00",19,ts4,85.358968
"2017-05-31 17:43:00",19,ts4,85.084306
"2017-05-31 17:44:00",19,ts4,85.435264
"2017-05-31 17:45:00",19,ts4,85.236896
"2017-05-31 17:46:00",19,ts4,85.17586
"2017-05-31 17:47:00",19,ts4,85.358968
"2017-05-31 17:48:00",19,ts4,85.633631
"2017-05-31 17:49:00",19,ts4,85.420005
"2017-05-31 17:50:00",19,ts4,85.17586
"2017-05-31 17:51:00",19,ts4,85.420005
"2017-05-31 17:52:00",19,ts4,84.321355
"2017-05-31 17:53:00",19,ts4,83.833066
"2017-05-31 17:54:00",19,ts4,84.138247
"2017-05-31 17:55:00",19,ts4,84.016175
"2017-05-31 17:56:00",19,ts4,83.985657
"2017-05-31 17:57:00",19,ts4,84.077211
"2017-05-31 17:58:00",19,ts4,84.229801
"2017-05-31 17:59:00",19,ts4,84.565499
"2017-05-31 18:00:00",19,ts4,84.824903
"2017-05-31 18:01:00",19,ts4,84.016175
"2017-05-31 18:02:00",19,ts4,83.802548
"2017-05-31 18:03:00",19,ts4,84.077211
"2017-05-31 18:04:00",19,ts4,84.382391
"2017-05-31 18:05:00",19,ts4,84.046693
"2017-05-31 18:06:00",19,ts4,84.199283
"2017-05-31 18:07:00",19,ts4,84.39765
"2017-05-31 18:08:00",19,ts4,84.031434
"2017-05-31 18:09:00",19,ts4,83.61944
"2017-05-31 18:10:00",19,ts4,82.856489
"2017-05-31 18:11:00",19,ts4,83.31426
"2017-05-31 18:12:00",19,ts4,83.161669
"2017-05-31 18:13:00",19,ts4,83.344778
"2017-05-31 18:14:00",19,ts4,83.405814
"2017-05-31 18:15:00",19,ts4,83.31426
"2017-05-31 18:16:00",19,ts4,82.856489
"2017-05-31 18:17:00",19,ts4,82.673381
"2017-05-31 18:18:00",19,ts4,83.039597
"2017-05-31 18:19:00",19,ts4,83.100633
"2017-05-31 18:20:00",19,ts4,83.222705
"2017-05-31 18:21:00",19,ts4,82.99382
"2017-05-31 18:22:00",19,ts4,83.070115
"2017-05-31 18:23:00",19,ts4,82.551308
"2017-05-31 18:24:00",19,ts4,82.307164
"2017-05-31 18:25:00",19,ts4,82.429236
"2017-05-31 18:26:00",19,ts4,82.307164
"2017-05-31 18:27:00",19,ts4,82.185092
"2017-05-31 18:28:00",19,ts4,82.078279
"2017-05-31 18:29:00",19,ts4,81.391623
"2017-05-31 18:30:00",19,ts4,82.185092
"2017-05-31 18:31:00",19,ts4,82.429236
"2017-05-31 18:32:00",19,ts4,81.879911
"2017-05-31 18:33:00",19,ts4,81.940948
"2017-05-31 18:34:00",19,ts4,81.757839
"2017-05-31 18:35:00",19,ts4,81.040665
"2017-05-31 18:36:00",19,ts4,81.452659
"2017-05-31 18:37:00",19,ts4,81.391623
"2017-05-31 18:38:00",19,ts4,80.96437
"2017-05-31 18:39:00",19,ts4,81.605249
"2017-05-31 18:40:00",19,ts4,81.086442
"2017-05-31 18:41:00",19,ts4,81.162737
"2017-05-31 18:42:00",19,ts4,81.452659
"2017-05-31 18:43:00",19,ts4,80.994888
"2017-05-31 18:44:00",19,ts4,81.330587
"2017-05-31 18:45:00",19,ts4,81.452659
"2017-05-31 18:46:00",19,ts4,81.727321
"2017-05-31 18:47:00",19,ts4,81.696803
"2017-05-31 18:48:00",19,ts4,81.757839
"2017-05-31 18:49:00",19,ts4,82.185092
"2017-05-31 18:50:00",19,ts4,81.544213
"2017-05-31 18:51:00",19,ts4,81.727321
"2017-05-31 18:52:00",19,ts4,82.459754
"2017-05-31 18:53:00",19,ts4,82.795453
"2017-05-31 18:54:00",19,ts4,82.856489
"2017-05-31 18:55:00",19,ts4,82.307164
"2017-05-31 18:56:00",19,ts4,81.849393
"2017-05-31 18:57:00",19,ts4,81.666285
"2017-05-31 18:58:00",19,ts4,82.001984
"2017-05-31 18:59:00",19,ts4,81.879911
"2017-05-31 19:00:00",19,ts4,81.696803
"2017-05-31 19:01:00",19,ts4,81.574731
"2017-05-31 19:02:00",19,ts4,80.628672
"2017-05-31 19:03:00",19,ts4,80.903334
"2017-05-31 19:04:00",19,ts4,81.147478
"2017-05-31 19:05:00",19,ts4,80.96437
"2017-05-31 19:06:00",19,ts4,81.269551
"2017-05-31 19:07:00",19,ts4,80.598154
"2017-05-31 19:08:00",19,ts4,79.865721
"2017-05-31 19:09:00",19,ts4,79.987793
"2017-05-31 19:10:00",19,ts4,80.170901
"2017-05-31 19:11:00",19,ts4,80.231937
"2017-05-31 19:12:00",19,ts4,80.689708
"2017-05-31 19:13:00",19,ts4,80.918593
"2017-05-31 19:14:00",19,ts4,81.574731
"2017-05-31 19:15:00",19,ts4,81.28481
"2017-05-31 19:16:00",19,ts4,81.300069
"2017-05-31 19:17:00",19,ts4,81.605249
"2017-05-31 19:18:00",19,ts4,81.696803
"2017-05-31 19:19:00",19,ts4,81.696803
"2017-05-31 19:20:00",19,ts4,81.895171
"2017-05-31 19:21:00",19,ts4,82.06302
"2017-05-31 19:22:00",19,ts4,82.185092
"2017-05-31 19:23:00",19,ts4,82.261387
"2017-05-31 19:24:00",19,ts4,82.307164
"2017-05-31 19:25:00",19,ts4,82.246128
"2017-05-31 19:26:00",19,ts4,82.21561
"2017-05-31 19:27:00",19,ts4,82.032502
"2017-05-31 19:28:00",19,ts4,81.818875
"2017-05-31 19:29:00",19,ts4,81.757839
"2017-05-31 19:30:00",19,ts4,81.635767
"2017-05-31 19:31:00",19,ts4,82.444495
"2017-05-31 19:32:00",19,ts4,82.703899
"2017-05-31 19:33:00",19,ts4,82.612345
"2017-05-31 19:34:00",19,ts4,82.612345
"2017-05-31 19:35:00",19,ts4,82.185092
"2017-05-31 19:36:00",19,ts4,82.06302
"2017-05-31 19:37:00",19,ts4,82.261387
"2017-05-31 19:38:00",19,ts4,82.429236
"2017-05-31 19:39:00",19,ts4,82.490272
"2017-05-31 19:40:00",19,ts4,82.795453
"2017-05-31 19:41:00",19,ts4,83.100633
"2017-05-31 19:42:00",19,ts4,83.405814
"2017-05-31 19:43:00",19,ts4,83.46685
"2017-05-31 19:44:00",19,ts4,83.802548
"2017-05-31 19:45:00",19,ts4,84.275578
"2017-05-31 19:46:00",19,ts4,84.382391
"2017-05-31 19:47:00",19,ts4,84.534981
"2017-05-31 19:48:00",19,ts4,84.565499
"2017-05-31 19:49:00",19,ts4,84.626535
"2017-05-31 19:50:00",19,ts4,84.382391
"2017-05-31 19:51:00",19,ts4,84.382391
"2017-05-31 19:52:00",19,ts4,84.626535
"2017-05-31 19:53:00",19,ts4,84.687572
"2017-05-31 19:54:00",19,ts4,84.992752
"2017-05-31 19:55:00",19,ts4,85.389487
"2017-05-31 19:56:00",19,ts4,85.420005
"2017-05-31 19:57:00",19,ts4,85.389487
"2017-05-31 19:58:00",19,ts4,85.755703
"2017-05-31 19:59:00",19,ts4,85.786221
"2017-05-31 20:00:00",19,ts4,86.106661
"2017-05-31 20:01:00",19,ts4,86.12192
"2017-05-31 20:02:00",19,ts4,86.091402
"2017-05-31 20:03:00",19,ts4,86.091402
"2017-05-31 20:04:00",19,ts4,85.481041
"2017-05-31 20:05:00",19,ts4,84.87068
"2017-05-31 20:06:00",19,ts4,84.87068
"2017-05-31 20:07:00",19,ts4,83.802548
"2017-05-31 20:08:00",19,ts4,82.795453
"2017-05-31 20:09:00",19,ts4,83.253223
"2017-05-31 20:10:00",19,ts4,83.222705
"2017-05-31 20:11:00",19,ts4,83.222705
"2017-05-31 20:12:00",19,ts4,82.307164
"2017-05-31 20:13:00",19,ts4,80.598154
"2017-05-31 20:14:00",19,ts4,81.574731
"2017-05-31 20:15:00",19,ts4,82.093538
"2017-05-31 20:16:00",19,ts4,82.3682
"2017-05-31 20:17:00",19,ts4,80.5066
"2017-05-31 20:18:00",19,ts4,80.170901
"2017-05-31 20:19:00",19,ts4,79.621576
"2017-05-31 20:20:00",19,ts4,79.926757
"2017-05-31 20:21:00",19,ts4,79.697871
"2017-05-31 20:22:00",19,ts4,79.621576
"2017-05-31 20:23:00",19,ts4,79.377432
"2017-05-31 20:24:00",19,ts4,79.072251
"2017-05-31 20:25:00",19,ts4,78.919661
"2017-05-31 20:26:00",19,ts4,79.270619
"2017-05-31 20:27:00",19,ts4,78.675517
"2017-05-31 20:28:00",19,ts4,79.011215
"2017-05-31 20:29:00",19,ts4,78.675517
"2017-05-31 20:30:00",19,ts4,78.461891
"2017-05-31 20:31:00",19,ts4,78.828107
"2017-05-31 20:32:00",19,ts4,78.660258
"2017-05-31 20:33:00",19,ts4,79.133288
"2017-05-31 20:34:00",19,ts4,79.133288
"2017-05-31 20:35:00",19,ts4,78.767071
"2017-05-31 20:36:00",19,ts4,78.095674
"2017-05-31 20:37:00",19,ts4,78.324559
"2017-05-31 20:38:00",19,ts4,76.935988
"2017-05-31 20:39:00",19,ts4,77.302205
"2017-05-31 20:40:00",19,ts4,76.966506
"2017-05-31 20:41:00",19,ts4,77.058061
"2017-05-31 20:42:00",19,ts4,77.393759
"2017-05-31 20:43:00",19,ts4,77.576867
"2017-05-31 20:44:00",19,ts4,77.607385
"2017-05-31 20:45:00",19,ts4,77.302205
"2017-05-31 20:46:00",19,ts4,77.668421
"2017-05-31 20:47:00",19,ts4,77.729458
"2017-05-31 20:48:00",19,ts4,77.85153
"2017-05-31 20:49:00",19,ts4,77.744717
"2017-05-31 20:50:00",19,ts4,77.85153
"2017-05-31 20:51:00",19,ts4,77.607385
"2017-05-31 20:52:00",19,ts4,76.935988
"2017-05-31 20:53:00",19,ts4,77.058061
"2017-05-31 20:54:00",19,ts4,76.90547
"2017-05-31 20:55:00",19,ts4,76.935988
"2017-05-31 20:56:00",19,ts4,76.935988
"2017-05-31 20:57:00",19,ts4,77.729458
"2017-05-31 20:58:00",19,ts4,78.339818
"2017-05-31 20:59:00",19,ts4,78.278782
"2017-05-31 21:00:00",19,ts4,78.522927
"2017-05-31 21:01:00",19,ts4,78.522927
"2017-05-31 21:02:00",19,ts4,78.339818
"2017-05-31 21:03:00",19,ts4,78.767071
"2017-05-31 21:04:00",19,ts4,79.499504
"2017-05-31 21:05:00",19,ts4,79.774166
"2017-05-31 21:06:00",19,ts4,79.835203
"2017-05-31 21:07:00",19,ts4,79.743648
"2017-05-31 21:08:00",19,ts4,79.438468
"2017-05-31 21:09:00",19,ts4,79.56054
"2017-05-31 21:10:00",19,ts4,79.56054
"2017-05-31 21:11:00",19,ts4,80.048829
"2017-05-31 21:12:00",19,ts4,80.018311
"2017-05-31 21:13:00",19,ts4,80.231937
"2017-05-31 21:14:00",19,ts4,80.476081
"2017-05-31 21:15:00",19,ts4,80.079347
"2017-05-31 21:16:00",19,ts4,79.743648
"2017-05-31 21:17:00",19,ts4,80.109865
"2017-05-31 21:18:00",19,ts4,80.384527
"2017-05-31 21:19:00",19,ts4,80.323491
"2017-05-31 21:20:00",19,ts4,80.720226
"2017-05-31 21:21:00",19,ts4,80.537118
"2017-05-31 21:22:00",19,ts4,80.491341
"2017-05-31 21:23:00",19,ts4,80.720226
"2017-05-31 21:24:00",19,ts4,81.208515
"2017-05-31 21:25:00",19,ts4,81.391623
"2017-05-31 21:26:00",19,ts4,81.391623
"2017-05-31 21:27:00",19,ts4,81.483177
"2017-05-31 21:28:00",19,ts4,81.391623
"2017-05-31 21:29:00",19,ts4,81.330587
"2017-05-31 21:30:00",19,ts4,81.330587
"2017-05-31 21:31:00",19,ts4,81.513695
"2017-05-31 21:32:00",19,ts4,81.651026
"2017-05-31 21:33:00",19,ts4,81.452659
"2017-05-31 21:34:00",19,ts4,81.574731
"2017-05-31 21:35:00",19,ts4,81.727321
"2017-05-31 21:36:00",19,ts4,82.093538
"2017-05-31 21:37:00",19,ts4,82.001984
"2017-05-31 21:38:00",19,ts4,81.58999
"2017-05-31 21:39:00",19,ts4,81.483177
"2017-05-31 21:40:00",19,ts4,81.452659
"2017-05-31 21:41:00",19,ts4,81.452659
"2017-05-31 21:42:00",19,ts4,81.58999
"2017-05-31 21:43:00",19,ts4,81.696803
"2017-05-31 21:44:00",19,ts4,81.757839
"2017-05-31 21:45:00",19,ts4,82.001984
"2017-05-31 21:46:00",19,ts4,82.307164
"2017-05-31 21:47:00",19,ts4,82.307164
"2017-05-31 21:48:00",19,ts4,82.246128
"2017-05-31 21:49:00",19,ts4,82.429236
"2017-05-31 21:50:00",19,ts4,82.307164
"2017-05-31 21:51:00",19,ts4,82.185092
"2017-05-31 21:52:00",19,ts4,82.06302
"2017-05-31 21:53:00",19,ts4,81.818875
"2017-05-31 21:54:00",19,ts4,81.757839
"2017-05-31 21:55:00",19,ts4,81.635767
"2017-05-31 21:56:00",19,ts4,81.696803
"2017-05-31 21:57:00",19,ts4,81.788357
"2017-05-31 21:58:00",19,ts4,81.849393
"2017-05-31 21:59:00",19,ts4,81.849393
"2017-05-31 22:00:00",19,ts4,81.834134
"2017-05-31 22:01:00",19,ts4,81.452659
"2017-05-31 22:02:00",19,ts4,81.483177
"2017-05-31 22:03:00",19,ts4,81.300069
"2017-05-31 22:04:00",19,ts4,81.300069
"2017-05-31 22:05:00",19,ts4,81.086442
"2017-05-31 22:06:00",19,ts4,81.239033
"2017-05-31 22:07:00",19,ts4,81.300069
"2017-05-31 22:08:00",19,ts4,81.208515
"2017-05-31 22:09:00",19,ts4,81.391623
"2017-05-31 22:10:00",19,ts4,81.544213
"2017-05-31 22:11:00",19,ts4,81.849393
"2017-05-31 22:12:00",19,ts4,81.940948
"2017-05-31 22:13:00",19,ts4,82.734417
"2017-05-31 22:14:00",19,ts4,83.009079
"2017-05-31 22:15:00",19,ts4,82.948043
"2017-05-31 22:16:00",19,ts4,82.856489
"2017-05-31 22:17:00",19,ts4,82.810712
"2017-05-31 22:18:00",19,ts4,83.161669
"2017-05-31 22:19:00",19,ts4,83.527886
"2017-05-31 22:20:00",19,ts4,83.588922
"2017-05-31 22:21:00",19,ts4,83.955138
"2017-05-31 22:22:00",19,ts4,84.138247
"2017-05-31 22:23:00",19,ts4,84.199283
"2017-05-31 22:24:00",19,ts4,84.382391
"2017-05-31 22:25:00",19,ts4,84.657053
"2017-05-31 22:26:00",19,ts4,84.657053
"2017-05-31 22:27:00",19,ts4,84.687572
"2017-05-31 22:28:00",19,ts4,84.931716
"2017-05-31 22:29:00",19,ts4,85.603113
"2017-05-31 22:30:00",19,ts4,84.901198
"2017-05-31 22:31:00",19,ts4,85.267414
"2017-05-31 22:32:00",19,ts4,84.504463
"2017-05-31 22:33:00",19,ts4,85.114824
"2017-05-31 22:34:00",19,ts4,85.633631
"2017-05-31 22:35:00",19,ts4,85.114824
"2017-05-31 22:36:00",19,ts4,85.603113
"2017-05-31 22:37:00",19,ts4,85.847257
"2017-05-31 22:38:00",19,ts4,85.481041
"2017-05-31 22:39:00",19,ts4,85.297932
"2017-05-31 22:40:00",19,ts4,85.145342
"2017-05-31 22:41:00",19,ts4,85.450523
"2017-05-31 22:42:00",19,ts4,85.236896
"2017-05-31 22:43:00",19,ts4,84.809644
"2017-05-31 22:44:00",19,ts4,85.389487
"2017-05-31 22:45:00",19,ts4,85.694667
"2017-05-31 22:46:00",19,ts4,85.633631
"2017-05-31 22:47:00",19,ts4,85.481041
"2017-05-31 22:48:00",19,ts4,85.02327
"2017-05-31 22:49:00",19,ts4,85.236896
"2017-05-31 22:50:00",19,ts4,85.511559
"2017-05-31 22:51:00",19,ts4,85.481041
"2017-05-31 22:52:00",19,ts4,85.511559
"2017-05-31 22:53:00",19,ts4,85.725185
"2017-05-31 22:54:00",19,ts4,85.725185
"2017-05-31 22:55:00",19,ts4,85.847257
"2017-05-31 22:56:00",19,ts4,85.420005
"2017-05-31 22:57:00",19,ts4,85.236896
"2017-05-31 22:58:00",19,ts4,85.297932
"2017-05-31 22:59:00",19,ts4,85.236896
"2017-05-31 23:00:00",19,ts4,84.901198
"2017-05-31 23:01:00",19,ts4,84.992752
"2017-05-31 23:02:00",19,ts4,85.420005
"2017-05-31 23:03:00",19,ts4,85.358968
"2017-05-31 23:04:00",19,ts4,85.267414
"2017-05-31 23:05:00",19,ts4,85.481041
"2017-05-31 23:06:00",19,ts4,85.481041
"2017-05-31 23:07:00",19,ts4,85.603113
"2017-05-31 23:08:00",19,ts4,86.091402
"2017-05-31 23:09:00",19,ts4,86.12192
"2017-05-31 23:10:00",19,ts4,85.725185
"2017-05-31 23:11:00",19,ts4,85.481041
"2017-05-31 23:12:00",19,ts4,85.17586
"2017-05-31 23:13:00",19,ts4,85.267414
"2017-05-31 23:14:00",19,ts4,85.130083
"2017-05-31 23:15:00",19,ts4,84.931716
"2017-05-31 23:16:00",19,ts4,84.657053
"2017-05-31 23:17:00",19,ts4,84.443427
"2017-05-31 23:18:00",19,ts4,84.657053
"2017-05-31 23:19:00",19,ts4,84.626535
"2017-05-31 23:20:00",19,ts4,84.504463
"2017-05-31 23:21:00",19,ts4,84.199283
"2017-05-31 23:22:00",19,ts4,83.894102
"2017-05-31 23:23:00",19,ts4,83.710994
"2017-05-31 23:24:00",19,ts4,83.344778
"2017-05-31 23:25:00",19,ts4,82.856489
"2017-05-31 23:26:00",19,ts4,83.161669
"2017-05-31 23:27:00",19,ts4,83.009079
"2017-05-31 23:28:00",19,ts4,83.283742
"2017-05-31 23:29:00",19,ts4,83.192187
"2017-05-31 23:30:00",19,ts4,81.452659
"2017-05-31 23:31:00",19,ts4,80.170901
"2017-05-31 23:32:00",19,ts4,80.048829
"2017-05-31 23:33:00",19,ts4,80.65919
"2017-05-31 23:34:00",19,ts4,80.598154
"2017-05-31 23:35:00",19,ts4,81.300069
"2017-05-31 23:36:00",19,ts4,81.452659
"2017-05-31 23:37:00",19,ts4,81.086442
"2017-05-31 23:38:00",19,ts4,80.781262
"2017-05-31 23:39:00",19,ts4,80.628672
"2017-05-31 23:40:00",19,ts4,80.476081
"2017-05-31 23:41:00",19,ts4,80.308232
"2017-05-31 23:42:00",19,ts4,80.354009
"2017-05-31 23:43:00",19,ts4,80.720226
"2017-05-31 23:44:00",19,ts4,80.674449
"2017-05-31 23:45:00",19,ts4,80.476081
"2017-05-31 23:46:00",19,ts4,80.476081
"2017-05-31 23:47:00",19,ts4,80.476081
"2017-05-31 23:48:00",19,ts4,80.476081
"2017-05-31 23:49:00",19,ts4,80.323491
"2017-05-31 23:50:00",19,ts4,80.292973
"2017-05-31 23:51:00",19,ts4,80.231937
"2017-05-31 23:52:00",19,ts4,79.926757
"2017-05-31 23:53:00",19,ts4,79.987793
"2017-05-31 23:54:00",19,ts4,79.88098
"2017-05-31 23:55:00",19,ts4,79.865721
"2017-05-31 23:56:00",19,ts4,79.835203
"2017-05-31 23:57:00",19,ts4,79.621576
"2017-05-31 23:58:00",19,ts4,79.652094
"2017-05-31 23:59:00",19,ts4,79.575799
